               epoch,      train/box_loss,      train/obj_loss,      train/cls_loss,   metrics/precision,      metrics/recall,     metrics/mAP_0.5,metrics/mAP_0.5:0.95,        val/box_loss,        val/obj_loss,        val/cls_loss,               x/lr0,               x/lr1,               x/lr2
                   0,            0.098023,            0.069761,            0.057405,           0.0054494,              0.0284,           0.0030717,           0.0006533,            0.091926,            0.037939,            0.052698,            0.070042,           0.0033287,           0.0033287
                   1,            0.084037,            0.070115,            0.047713,             0.86406,            0.017493,            0.010454,           0.0035727,            0.078127,            0.038611,            0.047851,             0.04002,             0.00664,             0.00664
                   2,             0.07484,            0.069643,            0.042904,             0.25509,            0.048115,             0.03658,            0.014261,            0.069506,            0.039501,            0.042207,            0.009976,           0.0099294,           0.0099294
                   3,            0.069837,            0.068453,             0.03791,             0.25035,             0.11704,            0.068651,            0.026073,            0.065916,            0.038373,            0.038384,            0.009901,            0.009901,            0.009901
                   4,            0.066661,            0.068314,            0.034149,             0.21933,             0.14929,             0.10332,            0.040213,             0.06288,            0.036635,            0.032439,            0.009901,            0.009901,            0.009901
                   5,            0.064792,             0.06654,            0.031619,             0.22296,             0.17943,             0.13308,             0.05817,            0.060933,            0.036654,            0.031007,            0.009868,            0.009868,            0.009868
                   6,            0.063485,            0.065962,            0.029804,             0.26129,              0.2328,              0.1688,            0.073861,            0.059255,             0.03592,            0.028029,            0.009835,            0.009835,            0.009835
                   7,            0.062366,            0.065804,            0.028396,             0.27476,              0.2304,              0.1802,            0.080633,            0.057991,            0.035926,            0.026787,            0.009802,            0.009802,            0.009802
                   8,            0.061418,            0.065765,            0.027311,             0.33246,             0.26687,             0.21971,             0.10304,            0.057204,            0.035806,            0.025022,            0.009769,            0.009769,            0.009769
                   9,            0.060547,            0.065408,            0.026072,               0.316,             0.27942,             0.22252,             0.10438,            0.055805,            0.035425,            0.024058,            0.009736,            0.009736,            0.009736
                  10,            0.059977,            0.064762,             0.02538,             0.32725,             0.27833,             0.23453,             0.11174,            0.055436,            0.035384,            0.023347,            0.009703,            0.009703,            0.009703
                  11,            0.059245,            0.064219,            0.024778,              0.3755,             0.31699,             0.27315,             0.13215,             0.05442,            0.034984,            0.021712,             0.00967,             0.00967,             0.00967
                  12,            0.058808,            0.064053,            0.023992,             0.35648,             0.30749,             0.26543,             0.13091,            0.053926,            0.034954,            0.021657,            0.009637,            0.009637,            0.009637
                  13,            0.058245,            0.064241,            0.023518,             0.38287,             0.31211,             0.27602,             0.13901,            0.053504,            0.034498,            0.020642,            0.009604,            0.009604,            0.009604
                  14,            0.057743,            0.063367,            0.022879,             0.40079,               0.328,             0.29693,              0.1462,            0.052807,            0.034565,            0.020488,            0.009571,            0.009571,            0.009571
                  15,             0.05741,            0.063182,            0.022506,             0.41631,             0.31789,             0.30662,             0.15763,            0.052293,            0.034224,            0.019612,            0.009538,            0.009538,            0.009538
                  16,            0.057073,            0.062807,             0.02219,             0.41409,             0.33881,             0.31813,             0.16255,            0.051786,            0.034389,            0.019249,            0.009505,            0.009505,            0.009505
                  17,            0.056776,            0.062498,            0.021814,             0.41013,             0.36289,             0.32414,             0.16761,            0.051631,            0.033891,            0.018639,            0.009472,            0.009472,            0.009472
                  18,            0.056396,            0.063398,            0.021561,             0.44347,             0.35052,             0.33732,             0.17578,            0.051085,            0.033675,            0.018352,            0.009439,            0.009439,            0.009439
                  19,            0.056048,            0.062647,            0.021157,             0.45013,             0.35901,             0.34056,             0.18203,            0.050865,            0.033817,            0.018079,            0.009406,            0.009406,            0.009406
                  20,            0.055894,            0.062715,            0.020905,             0.45214,              0.3666,             0.35085,             0.18537,            0.050555,            0.033688,            0.017858,            0.009373,            0.009373,            0.009373
                  21,            0.055489,            0.062264,            0.020475,             0.47081,             0.37434,             0.35881,              0.1899,            0.050292,            0.033657,            0.017661,             0.00934,             0.00934,             0.00934
                  22,            0.055307,            0.062017,            0.020145,             0.46485,             0.38223,             0.36488,             0.19449,            0.049964,             0.03351,            0.017493,            0.009307,            0.009307,            0.009307
                  23,            0.055205,            0.061804,            0.020018,             0.48664,             0.36795,             0.36619,              0.1962,            0.049731,            0.033373,            0.016898,            0.009274,            0.009274,            0.009274
                  24,            0.054842,            0.062157,            0.019677,             0.51997,             0.36204,              0.3733,             0.20098,            0.049525,            0.033349,            0.016847,            0.009241,            0.009241,            0.009241
                  25,            0.054713,            0.061786,            0.019525,             0.48839,             0.38769,             0.38346,             0.20986,            0.049252,            0.033252,            0.016338,            0.009208,            0.009208,            0.009208
                  26,            0.054618,            0.062267,            0.019542,             0.49717,             0.39655,             0.38875,             0.21078,            0.049044,            0.033169,            0.016213,            0.009175,            0.009175,            0.009175
                  27,            0.054458,            0.061653,            0.019275,             0.48715,             0.39907,             0.38979,             0.20988,            0.048994,            0.033067,            0.016372,            0.009142,            0.009142,            0.009142
                  28,            0.054125,            0.061472,            0.018937,             0.48565,             0.40977,             0.39621,               0.217,            0.048812,             0.03301,            0.016016,            0.009109,            0.009109,            0.009109
                  29,            0.053984,            0.061602,            0.018807,             0.50855,             0.40079,             0.39956,             0.21716,             0.04861,            0.033002,            0.016119,            0.009076,            0.009076,            0.009076
                  30,            0.053802,            0.060775,            0.018727,             0.50403,             0.39179,             0.39753,             0.22067,            0.048485,            0.032892,            0.016043,            0.009043,            0.009043,            0.009043
                  31,            0.053812,            0.060771,            0.018435,             0.51301,             0.39739,             0.40152,             0.22512,            0.048333,            0.032828,             0.01592,             0.00901,             0.00901,             0.00901
                  32,            0.053431,            0.060776,            0.018229,             0.50832,             0.39385,             0.40299,             0.22548,            0.048172,            0.032852,            0.015743,            0.008977,            0.008977,            0.008977
                  33,            0.053488,            0.060907,            0.018297,             0.52781,             0.39661,             0.40718,             0.22633,            0.048059,            0.032793,            0.015483,            0.008944,            0.008944,            0.008944
                  34,            0.053257,            0.060807,            0.017992,             0.49809,             0.40872,             0.40811,             0.22661,            0.047911,            0.032805,            0.015361,            0.008911,            0.008911,            0.008911
                  35,            0.053203,            0.060746,            0.017794,             0.52575,             0.39528,              0.4129,             0.22968,             0.04781,            0.032768,            0.015198,            0.008878,            0.008878,            0.008878
                  36,            0.053095,            0.061023,            0.017772,              0.5014,             0.41187,             0.41561,              0.2328,            0.047691,            0.032709,            0.015095,            0.008845,            0.008845,            0.008845
                  37,            0.052985,            0.060403,            0.017674,             0.51891,             0.41227,             0.41555,             0.23286,            0.047596,            0.032685,            0.015038,            0.008812,            0.008812,            0.008812
                  38,            0.052764,            0.060158,            0.017485,             0.50564,             0.41753,             0.41693,              0.2337,             0.04751,            0.032656,            0.015016,            0.008779,            0.008779,            0.008779
                  39,            0.052621,            0.060223,            0.017463,             0.53817,              0.4037,             0.41778,              0.2355,            0.047414,            0.032606,            0.014949,            0.008746,            0.008746,            0.008746
                  40,            0.052417,            0.060279,            0.017116,             0.54209,             0.40474,             0.41792,             0.23634,             0.04734,            0.032598,            0.014872,            0.008713,            0.008713,            0.008713
                  41,            0.052329,            0.060013,            0.017135,             0.52121,             0.41466,             0.42035,             0.23764,            0.047293,            0.032559,            0.014856,             0.00868,             0.00868,             0.00868
                  42,            0.052265,            0.060353,            0.017033,             0.51986,              0.4158,             0.42168,             0.23771,             0.04722,            0.032525,            0.014806,            0.008647,            0.008647,            0.008647
                  43,            0.052172,            0.060556,            0.017052,             0.52571,             0.41566,              0.4203,             0.23873,            0.047171,            0.032504,             0.01477,            0.008614,            0.008614,            0.008614
                  44,            0.052079,            0.060088,             0.01683,             0.52516,             0.42222,             0.42179,             0.23975,            0.047119,            0.032491,            0.014724,            0.008581,            0.008581,            0.008581
                  45,            0.052041,            0.060287,            0.016783,             0.52588,             0.42682,             0.42331,              0.2411,            0.047062,             0.03248,            0.014683,            0.008548,            0.008548,            0.008548
                  46,            0.051789,            0.060086,            0.016693,             0.52335,             0.42776,             0.42568,             0.24177,            0.047008,            0.032459,            0.014668,            0.008515,            0.008515,            0.008515
                  47,            0.051745,            0.059521,            0.016457,             0.52902,             0.42221,             0.42501,             0.24304,            0.046964,            0.032439,            0.014655,            0.008482,            0.008482,            0.008482
                  48,            0.051804,            0.059788,            0.016451,             0.52487,             0.42741,             0.42648,             0.24337,            0.046915,            0.032416,            0.014642,            0.008449,            0.008449,            0.008449
                  49,            0.051606,            0.059615,            0.016446,             0.52541,              0.4266,             0.42775,             0.24357,            0.046879,            0.032399,            0.014618,            0.008416,            0.008416,            0.008416
                  50,            0.051496,              0.0596,            0.016185,             0.51643,             0.43171,             0.42973,              0.2442,            0.046842,            0.032379,            0.014603,            0.008383,            0.008383,            0.008383
                  51,            0.051535,            0.058993,            0.016192,             0.51605,             0.43459,             0.42993,             0.24481,              0.0468,            0.032363,            0.014578,             0.00835,             0.00835,             0.00835
                  52,            0.051451,            0.059601,            0.016131,              0.5153,              0.4373,              0.4297,             0.24569,             0.04676,            0.032353,            0.014562,            0.008317,            0.008317,            0.008317
                  53,             0.05123,            0.059497,            0.015941,             0.52422,             0.43518,             0.43011,             0.24604,            0.046725,             0.03233,            0.014536,            0.008284,            0.008284,            0.008284
                  54,            0.051265,            0.059753,            0.015754,             0.52985,             0.43325,              0.4308,             0.24684,            0.046692,            0.032314,            0.014508,            0.008251,            0.008251,            0.008251
                  55,            0.051061,             0.05949,             0.01576,             0.52347,              0.4357,             0.43212,             0.24762,            0.046653,            0.032295,            0.014491,            0.008218,            0.008218,            0.008218
                  56,            0.050978,            0.059084,            0.015783,             0.52414,             0.43446,             0.43267,             0.24815,            0.046619,            0.032283,            0.014472,            0.008185,            0.008185,            0.008185
                  57,            0.051031,            0.058889,            0.015683,             0.52019,             0.43549,             0.43225,             0.24834,            0.046587,            0.032266,            0.014444,            0.008152,            0.008152,            0.008152
                  58,            0.051032,            0.058945,            0.015475,             0.52584,             0.43406,             0.43354,              0.2494,            0.046553,            0.032245,            0.014412,            0.008119,            0.008119,            0.008119
                  59,             0.05085,            0.059531,             0.01547,             0.52597,             0.43299,             0.43409,             0.24986,            0.046526,             0.03223,            0.014383,            0.008086,            0.008086,            0.008086
                  60,            0.050864,            0.058994,             0.01561,             0.52703,              0.4309,             0.43464,             0.25082,            0.046498,            0.032216,            0.014358,            0.008053,            0.008053,            0.008053
                  61,            0.050743,            0.059335,            0.015276,              0.5275,             0.43135,             0.43563,             0.25193,             0.04647,            0.032202,             0.01433,             0.00802,             0.00802,             0.00802
                  62,            0.050525,            0.058784,            0.015259,             0.52938,             0.43323,             0.43705,             0.25319,            0.046439,            0.032188,            0.014309,            0.007987,            0.007987,            0.007987
                  63,            0.050523,            0.058263,            0.015333,             0.52745,             0.43946,             0.43789,             0.25344,            0.046409,            0.032169,            0.014288,            0.007954,            0.007954,            0.007954
                  64,            0.050523,            0.058814,            0.015083,             0.52919,             0.43846,             0.43825,             0.25446,            0.046381,            0.032154,            0.014269,            0.007921,            0.007921,            0.007921
                  65,            0.050367,            0.058706,            0.015166,             0.53442,             0.43451,             0.44049,             0.25518,             0.04635,            0.032134,            0.014252,            0.007888,            0.007888,            0.007888
                  66,            0.050497,             0.05857,            0.015011,             0.53076,             0.43652,             0.44129,              0.2558,            0.046317,            0.032117,            0.014233,            0.007855,            0.007855,            0.007855
                  67,            0.050313,            0.058763,            0.014873,             0.53178,             0.43891,             0.44324,             0.25647,            0.046285,            0.032098,            0.014207,            0.007822,            0.007822,            0.007822
                  68,            0.050273,            0.058554,            0.014953,              0.5344,             0.44021,             0.44483,             0.25731,            0.046251,            0.032078,            0.014181,            0.007789,            0.007789,            0.007789
                  69,            0.050125,            0.058738,            0.014743,             0.53596,             0.44328,             0.44584,             0.25758,            0.046223,            0.032059,            0.014158,            0.007756,            0.007756,            0.007756
                  70,            0.049954,             0.05849,            0.014659,             0.53495,             0.44384,             0.44713,              0.2582,            0.046198,            0.032041,            0.014136,            0.007723,            0.007723,            0.007723
                  71,            0.050067,            0.058456,            0.014629,              0.5283,             0.44875,               0.447,             0.25895,            0.046172,            0.032026,            0.014119,             0.00769,             0.00769,             0.00769
                  72,            0.050059,            0.058419,            0.014576,             0.53004,             0.44854,             0.44819,             0.25947,            0.046146,            0.032012,            0.014098,            0.007657,            0.007657,            0.007657
                  73,            0.049902,            0.058128,            0.014523,             0.53174,               0.451,             0.44871,             0.25962,            0.046121,            0.031996,            0.014072,            0.007624,            0.007624,            0.007624
                  74,            0.049867,            0.058094,            0.014548,             0.54483,             0.44368,             0.44931,             0.26005,              0.0461,            0.031979,            0.014053,            0.007591,            0.007591,            0.007591
                  75,            0.049865,            0.057818,            0.014547,             0.53788,             0.44514,             0.45002,             0.26023,             0.04608,            0.031963,            0.014032,            0.007558,            0.007558,            0.007558
                  76,            0.049716,             0.05822,            0.014454,             0.54062,             0.44742,             0.45116,             0.26128,            0.046058,            0.031947,            0.014013,            0.007525,            0.007525,            0.007525
                  77,            0.049613,            0.057806,            0.014387,             0.53274,             0.45455,             0.45247,             0.26193,            0.046035,            0.031933,            0.013991,            0.007492,            0.007492,            0.007492
                  78,            0.049623,             0.05817,            0.014241,             0.53103,             0.45713,             0.45269,             0.26322,            0.046018,            0.031915,            0.013975,            0.007459,            0.007459,            0.007459
                  79,            0.049545,            0.058087,             0.01427,             0.52961,             0.45805,             0.45347,             0.26362,            0.045995,              0.0319,            0.013951,            0.007426,            0.007426,            0.007426
                  80,            0.049729,            0.058226,            0.014232,             0.53247,             0.45722,             0.45393,             0.26418,            0.045974,            0.031886,             0.01393,            0.007393,            0.007393,            0.007393
                  81,            0.049504,            0.057959,             0.01415,             0.53592,             0.45454,             0.45508,             0.26438,            0.045952,            0.031871,            0.013916,             0.00736,             0.00736,             0.00736
                  82,             0.04937,            0.057979,            0.014021,             0.53738,             0.45634,             0.45613,             0.26474,            0.045931,            0.031858,            0.013902,            0.007327,            0.007327,            0.007327
                  83,            0.049354,            0.057621,            0.013906,             0.54213,             0.45108,             0.45636,             0.26501,            0.045911,            0.031846,            0.013888,            0.007294,            0.007294,            0.007294
                  84,            0.049218,             0.05806,            0.013837,             0.54356,             0.45089,              0.4568,             0.26583,            0.045892,            0.031835,            0.013867,            0.007261,            0.007261,            0.007261
                  85,            0.049207,            0.057551,            0.013868,             0.54374,             0.45492,             0.45714,             0.26665,            0.045873,            0.031822,            0.013854,            0.007228,            0.007228,            0.007228
                  86,            0.049239,            0.057863,            0.013927,             0.55188,             0.45197,             0.45755,             0.26697,            0.045853,            0.031811,            0.013835,            0.007195,            0.007195,            0.007195
                  87,            0.049177,            0.057527,            0.013933,             0.55573,             0.44728,              0.4583,             0.26754,            0.045834,            0.031806,            0.013819,            0.007162,            0.007162,            0.007162
                  88,            0.049357,            0.057927,            0.013747,             0.55269,             0.45345,             0.45857,             0.26751,            0.045811,            0.031795,            0.013799,            0.007129,            0.007129,            0.007129
                  89,            0.049177,            0.057487,            0.013706,             0.55096,             0.45514,             0.45925,             0.26814,            0.045788,            0.031789,            0.013788,            0.007096,            0.007096,            0.007096
                  90,            0.048967,            0.057228,            0.013727,             0.54927,             0.45882,             0.45973,             0.26854,            0.045765,             0.03178,            0.013778,            0.007063,            0.007063,            0.007063
                  91,            0.049051,            0.057773,            0.013577,             0.54982,               0.458,             0.46076,             0.26904,            0.045746,            0.031771,            0.013775,             0.00703,             0.00703,             0.00703
                  92,            0.048831,            0.057123,            0.013511,             0.55658,             0.45107,              0.4615,             0.26978,            0.045723,             0.03176,            0.013767,            0.006997,            0.006997,            0.006997
                  93,            0.048881,            0.057469,            0.013489,             0.55933,             0.45137,             0.46224,             0.27028,            0.045707,            0.031753,            0.013761,            0.006964,            0.006964,            0.006964
                  94,            0.048648,            0.057498,            0.013516,             0.55749,             0.45501,              0.4633,             0.27093,            0.045684,            0.031745,            0.013749,            0.006931,            0.006931,            0.006931
                  95,            0.048539,            0.057267,            0.013361,              0.5557,             0.45583,             0.46349,             0.27064,            0.045665,            0.031737,            0.013741,            0.006898,            0.006898,            0.006898
                  96,            0.048808,              0.0572,            0.013392,             0.55703,             0.45544,             0.46369,             0.27111,            0.045646,            0.031731,            0.013733,            0.006865,            0.006865,            0.006865
                  97,            0.048654,            0.056998,            0.013198,             0.56364,             0.45384,             0.46371,             0.27167,            0.045625,            0.031721,            0.013723,            0.006832,            0.006832,            0.006832
                  98,            0.048652,            0.057075,            0.013293,             0.57215,             0.45262,             0.46385,             0.27149,            0.045608,            0.031712,            0.013718,            0.006799,            0.006799,            0.006799
                  99,            0.048581,            0.057248,             0.01312,             0.57681,             0.45175,             0.46513,             0.27243,            0.045591,            0.031699,            0.013713,            0.006766,            0.006766,            0.006766
                 100,            0.048565,            0.056526,            0.013075,             0.57158,              0.4542,             0.46596,             0.27285,            0.045576,            0.031695,            0.013706,            0.006733,            0.006733,            0.006733
                 101,            0.048419,            0.056744,            0.013135,             0.57162,             0.45301,             0.46561,             0.27272,            0.045563,            0.031691,            0.013696,              0.0067,              0.0067,              0.0067
                 102,            0.048489,            0.056962,             0.01315,             0.57089,             0.45362,             0.46613,             0.27322,             0.04555,            0.031685,            0.013698,            0.006667,            0.006667,            0.006667
                 103,            0.048402,            0.057061,             0.01298,              0.5679,             0.45324,             0.46587,             0.27305,            0.045537,            0.031684,             0.01369,            0.006634,            0.006634,            0.006634
                 104,            0.048452,            0.056709,            0.013024,             0.57019,             0.45261,             0.46657,             0.27346,            0.045523,            0.031679,            0.013689,            0.006601,            0.006601,            0.006601
                 105,            0.048341,             0.05688,            0.012845,             0.56481,             0.45741,              0.4667,             0.27422,            0.045509,            0.031674,            0.013685,            0.006568,            0.006568,            0.006568
                 106,            0.048148,            0.056976,            0.012928,             0.56591,             0.45719,             0.46678,             0.27438,            0.045497,            0.031671,             0.01368,            0.006535,            0.006535,            0.006535
                 107,            0.048152,            0.056532,            0.012923,             0.56756,              0.4571,             0.46779,              0.2748,            0.045485,             0.03167,            0.013679,            0.006502,            0.006502,            0.006502
                 108,            0.048105,             0.05676,             0.01283,             0.56719,             0.45969,             0.46823,             0.27517,            0.045475,             0.03167,            0.013681,            0.006469,            0.006469,            0.006469
                 109,             0.04805,            0.056206,            0.012921,             0.57038,             0.46012,             0.46844,             0.27572,            0.045464,            0.031666,            0.013679,            0.006436,            0.006436,            0.006436
                 110,            0.048074,            0.056432,            0.012754,                0.57,             0.45884,             0.46861,             0.27588,            0.045446,            0.031657,             0.01367,            0.006403,            0.006403,            0.006403
                 111,            0.047984,            0.056379,            0.012608,             0.56681,             0.45931,               0.469,             0.27619,            0.045431,            0.031651,            0.013668,             0.00637,             0.00637,             0.00637
                 112,            0.048092,            0.056673,            0.012593,             0.56499,             0.46253,             0.46889,              0.2769,            0.045416,            0.031647,            0.013666,            0.006337,            0.006337,            0.006337
                 113,            0.047983,            0.056324,            0.012701,             0.56488,             0.46431,             0.46908,             0.27721,            0.045401,            0.031639,            0.013666,            0.006304,            0.006304,            0.006304
                 114,            0.047887,            0.056308,            0.012533,             0.56656,             0.46413,             0.46994,             0.27753,            0.045384,            0.031636,            0.013668,            0.006271,            0.006271,            0.006271
                 115,            0.047811,            0.056023,            0.012618,             0.56632,             0.46301,             0.47049,             0.27827,            0.045372,            0.031631,            0.013671,            0.006238,            0.006238,            0.006238
                 116,            0.047698,            0.056337,            0.012396,             0.56417,             0.46273,               0.471,             0.27893,            0.045355,            0.031625,            0.013671,            0.006205,            0.006205,            0.006205
                 117,            0.047638,             0.05609,            0.012454,             0.56474,             0.46046,             0.47045,             0.27874,            0.045341,            0.031621,            0.013677,            0.006172,            0.006172,            0.006172
                 118,            0.047686,            0.056123,            0.012419,             0.56649,             0.45888,              0.4705,             0.27948,            0.045328,            0.031613,            0.013681,            0.006139,            0.006139,            0.006139
                 119,            0.047731,            0.056387,            0.012421,               0.563,             0.46261,             0.47065,             0.27936,            0.045315,             0.03161,            0.013681,            0.006106,            0.006106,            0.006106
                 120,            0.047659,            0.056804,            0.012441,             0.56266,             0.46429,             0.47094,             0.27911,            0.045298,            0.031608,            0.013672,            0.006073,            0.006073,            0.006073
                 121,            0.047364,            0.055479,            0.012231,             0.56087,             0.46652,             0.47128,             0.27989,            0.045287,            0.031602,            0.013671,             0.00604,             0.00604,             0.00604
                 122,            0.047571,             0.05633,            0.012242,             0.56817,             0.46167,             0.47188,             0.28052,            0.045279,            0.031602,            0.013671,            0.006007,            0.006007,            0.006007
                 123,            0.047477,            0.056234,            0.012202,              0.5592,             0.46413,             0.47252,             0.28082,             0.04527,              0.0316,            0.013667,            0.005974,            0.005974,            0.005974
                 124,            0.047563,             0.05588,            0.012287,             0.56208,             0.46394,             0.47214,             0.28075,            0.045261,              0.0316,             0.01366,            0.005941,            0.005941,            0.005941
                 125,            0.047425,            0.055756,            0.012093,             0.56203,             0.46537,             0.47247,              0.2812,            0.045251,            0.031596,            0.013656,            0.005908,            0.005908,            0.005908
                 126,            0.047383,            0.055667,            0.012106,             0.56532,             0.46681,             0.47338,             0.28132,            0.045242,            0.031593,            0.013649,            0.005875,            0.005875,            0.005875
                 127,            0.047309,            0.055343,              0.0121,             0.56636,             0.46872,               0.474,             0.28177,            0.045235,            0.031588,            0.013645,            0.005842,            0.005842,            0.005842
                 128,            0.047289,            0.055441,            0.011972,             0.56778,             0.46956,             0.47451,             0.28147,            0.045224,            0.031586,            0.013641,            0.005809,            0.005809,            0.005809
                 129,            0.047282,            0.055834,            0.012056,             0.57418,             0.46658,             0.47499,             0.28225,            0.045213,            0.031586,            0.013633,            0.005776,            0.005776,            0.005776
                 130,            0.047147,            0.055671,            0.011872,             0.57312,             0.46848,             0.47503,             0.28186,            0.045203,            0.031581,            0.013631,            0.005743,            0.005743,            0.005743
                 131,            0.047209,            0.056283,            0.011965,             0.56697,              0.4728,             0.47601,             0.28246,            0.045195,            0.031579,            0.013631,             0.00571,             0.00571,             0.00571
                 132,            0.047064,            0.055917,            0.012013,             0.56642,             0.47229,             0.47612,             0.28298,            0.045187,            0.031586,            0.013636,            0.005677,            0.005677,            0.005677
                 133,            0.046952,            0.055427,            0.011826,             0.56905,             0.47012,             0.47634,             0.28271,            0.045181,            0.031583,             0.01363,            0.005644,            0.005644,            0.005644
                 134,            0.047169,            0.055667,            0.011878,             0.56562,             0.47176,             0.47764,             0.28342,            0.045175,            0.031585,             0.01363,            0.005611,            0.005611,            0.005611
                 135,            0.046953,            0.055381,            0.011644,             0.56215,             0.47528,             0.47792,             0.28369,            0.045167,            0.031584,            0.013629,            0.005578,            0.005578,            0.005578
                 136,            0.046968,            0.055398,            0.011849,              0.5612,             0.47373,              0.4779,             0.28447,             0.04516,            0.031584,            0.013631,            0.005545,            0.005545,            0.005545
                 137,            0.047006,            0.055744,            0.011697,             0.56178,             0.47291,             0.47884,             0.28568,            0.045155,            0.031584,            0.013638,            0.005512,            0.005512,            0.005512
                 138,             0.04674,            0.055635,            0.011496,             0.56174,             0.47357,             0.47874,             0.28593,            0.045151,            0.031586,             0.01364,            0.005479,            0.005479,            0.005479
                 139,             0.04679,            0.055031,            0.011637,             0.56098,             0.47332,             0.47899,             0.28672,            0.045145,            0.031582,            0.013632,            0.005446,            0.005446,            0.005446
                 140,            0.046773,            0.055286,            0.011558,             0.56271,             0.47383,             0.47921,             0.28723,            0.045135,            0.031584,            0.013625,            0.005413,            0.005413,            0.005413
                 141,            0.046556,            0.054707,            0.011521,             0.56408,             0.47236,             0.47891,             0.28758,            0.045127,            0.031585,            0.013622,             0.00538,             0.00538,             0.00538
                 142,            0.046689,            0.054983,            0.011597,             0.56189,             0.47505,             0.47982,             0.28782,            0.045118,            0.031587,            0.013618,            0.005347,            0.005347,            0.005347
                 143,            0.046591,            0.055282,            0.011438,             0.55957,             0.47739,              0.4799,             0.28825,            0.045104,            0.031581,            0.013613,            0.005314,            0.005314,            0.005314
                 144,            0.046596,            0.055481,            0.011431,             0.55652,             0.47841,             0.48057,             0.28834,             0.04509,             0.03158,            0.013609,            0.005281,            0.005281,            0.005281
                 145,            0.046683,            0.055395,            0.011573,             0.55384,             0.48083,             0.48109,             0.28906,            0.045079,            0.031576,            0.013612,            0.005248,            0.005248,            0.005248
                 146,            0.046641,            0.055367,            0.011327,             0.55732,             0.48325,             0.48178,             0.28934,            0.045066,            0.031578,            0.013618,            0.005215,            0.005215,            0.005215
                 147,            0.046419,            0.055123,            0.011304,             0.55719,             0.48224,             0.48231,             0.28948,            0.045057,            0.031581,             0.01362,            0.005182,            0.005182,            0.005182
                 148,            0.046481,            0.055177,            0.011206,             0.56446,             0.48047,             0.48262,             0.29036,             0.04505,            0.031586,            0.013628,            0.005149,            0.005149,            0.005149
                 149,            0.046363,            0.055163,            0.011279,             0.56193,             0.48126,              0.4829,             0.29033,            0.045047,            0.031589,            0.013636,            0.005116,            0.005116,            0.005116
                 150,            0.046463,             0.05521,            0.011239,             0.56138,             0.48348,             0.48217,              0.2903,            0.045043,            0.031591,            0.013642,            0.005083,            0.005083,            0.005083
                 151,            0.046353,            0.054579,            0.011254,             0.56168,             0.48468,             0.48247,             0.29017,            0.045036,            0.031588,             0.01365,             0.00505,             0.00505,             0.00505
                 152,            0.046238,            0.054369,            0.011151,             0.56209,             0.48269,             0.48241,             0.29028,            0.045033,            0.031589,            0.013672,            0.005017,            0.005017,            0.005017
                 153,            0.046369,            0.054576,            0.011253,             0.55994,             0.48667,             0.48276,             0.29023,             0.04503,            0.031592,            0.013684,            0.004984,            0.004984,            0.004984
                 154,            0.046132,            0.054754,            0.011137,             0.56059,             0.48768,             0.48319,             0.29075,            0.045025,            0.031593,            0.013699,            0.004951,            0.004951,            0.004951
                 155,            0.046093,             0.05495,            0.011094,             0.56129,             0.48611,              0.4833,             0.29043,            0.045018,            0.031594,            0.013722,            0.004918,            0.004918,            0.004918
                 156,            0.046167,            0.054557,             0.01101,             0.56162,             0.48636,             0.48323,             0.29138,            0.045019,            0.031594,            0.013739,            0.004885,            0.004885,            0.004885
                 157,            0.045996,             0.05506,            0.010947,             0.56662,             0.48444,             0.48381,             0.29192,            0.045017,            0.031595,            0.013766,            0.004852,            0.004852,            0.004852
                 158,            0.046032,            0.054729,            0.010971,             0.56304,             0.48744,             0.48358,             0.29211,            0.045013,            0.031599,             0.01378,            0.004819,            0.004819,            0.004819
                 159,            0.046053,            0.054832,            0.010841,             0.56571,             0.48659,              0.4843,              0.2923,            0.045012,            0.031602,            0.013804,            0.004786,            0.004786,            0.004786
                 160,             0.04606,            0.054233,            0.010856,             0.56989,             0.48852,             0.48469,             0.29321,            0.045006,            0.031603,             0.01382,            0.004753,            0.004753,            0.004753
                 161,            0.045742,            0.054034,            0.010969,               0.568,             0.48763,             0.48476,             0.29333,               0.045,            0.031601,            0.013828,             0.00472,             0.00472,             0.00472
                 162,            0.045894,            0.054731,            0.010864,             0.57048,             0.48634,              0.4852,              0.2936,            0.044996,            0.031599,            0.013839,            0.004687,            0.004687,            0.004687
                 163,             0.04589,            0.054596,              0.0109,             0.57186,             0.48598,             0.48553,             0.29377,            0.044989,            0.031602,            0.013851,            0.004654,            0.004654,            0.004654
                 164,             0.04571,            0.054089,            0.010819,              0.5759,             0.48542,             0.48585,             0.29411,             0.04498,            0.031598,            0.013869,            0.004621,            0.004621,            0.004621
                 165,            0.045801,            0.054335,            0.010816,             0.58059,             0.48133,             0.48464,             0.29382,            0.044979,            0.031597,            0.013887,            0.004588,            0.004588,            0.004588
                 166,            0.045797,            0.054135,             0.01069,                0.58,             0.48319,              0.4846,             0.29356,            0.044978,            0.031597,            0.013899,            0.004555,            0.004555,            0.004555
                 167,            0.045727,            0.054319,            0.010719,             0.58371,             0.48224,              0.4844,             0.29334,            0.044972,            0.031597,            0.013903,            0.004522,            0.004522,            0.004522
                 168,            0.045636,            0.054346,            0.010615,             0.58355,             0.48119,             0.48453,             0.29367,             0.04497,            0.031601,            0.013914,            0.004489,            0.004489,            0.004489
                 169,            0.045595,            0.054268,            0.010566,             0.58387,             0.48271,             0.48502,             0.29364,            0.044963,            0.031606,            0.013918,            0.004456,            0.004456,            0.004456
                 170,            0.045584,             0.05396,            0.010638,             0.58233,             0.48293,             0.48512,             0.29394,             0.04496,            0.031613,            0.013926,            0.004423,            0.004423,            0.004423
                 171,            0.045467,            0.054087,            0.010458,             0.58863,             0.48383,             0.48632,             0.29448,            0.044958,            0.031613,             0.01394,             0.00439,             0.00439,             0.00439
                 172,            0.045401,            0.053687,            0.010525,              0.5879,             0.48119,             0.48563,             0.29451,            0.044956,            0.031614,            0.013948,            0.004357,            0.004357,            0.004357
                 173,            0.045503,            0.053664,            0.010508,             0.58749,             0.48118,              0.4858,             0.29443,            0.044956,            0.031618,            0.013955,            0.004324,            0.004324,            0.004324
                 174,            0.045398,             0.05361,            0.010528,             0.58763,             0.47986,             0.48587,             0.29444,            0.044951,            0.031622,            0.013959,            0.004291,            0.004291,            0.004291
                 175,            0.045326,            0.054186,            0.010429,             0.58465,             0.48212,             0.48565,             0.29455,            0.044948,            0.031624,            0.013968,            0.004258,            0.004258,            0.004258
                 176,            0.045279,            0.053657,            0.010418,             0.58699,             0.47953,             0.48678,             0.29462,            0.044945,            0.031624,            0.013972,            0.004225,            0.004225,            0.004225
                 177,            0.045218,            0.053869,            0.010348,             0.58933,             0.47854,             0.48583,             0.29401,            0.044936,            0.031629,            0.013984,            0.004192,            0.004192,            0.004192
                 178,            0.045255,            0.053767,            0.010384,             0.59101,             0.47956,             0.48547,             0.29392,             0.04493,            0.031641,            0.014001,            0.004159,            0.004159,            0.004159
                 179,            0.045151,            0.053651,            0.010273,             0.58827,             0.48084,              0.4851,              0.2936,            0.044929,            0.031644,            0.014011,            0.004126,            0.004126,            0.004126
                 180,             0.04497,            0.053296,            0.010287,             0.58697,             0.48274,             0.48519,              0.2938,            0.044926,            0.031649,            0.014016,            0.004093,            0.004093,            0.004093
                 181,            0.045092,            0.053662,            0.010208,             0.58829,             0.47977,              0.4859,             0.29447,            0.044922,             0.03165,            0.014034,             0.00406,             0.00406,             0.00406
                 182,            0.044912,            0.053475,             0.01017,             0.58926,             0.48183,             0.48583,             0.29474,            0.044921,            0.031655,            0.014051,            0.004027,            0.004027,            0.004027
                 183,            0.045066,            0.053291,            0.010153,              0.5892,             0.48304,             0.48573,             0.29475,            0.044926,            0.031658,             0.01407,            0.003994,            0.003994,            0.003994
                 184,             0.04502,            0.053377,            0.010248,             0.59118,             0.48078,             0.48571,             0.29495,            0.044929,            0.031663,            0.014088,            0.003961,            0.003961,            0.003961
                 185,             0.04486,            0.053162,            0.010042,             0.59103,             0.48139,             0.48535,             0.29518,            0.044935,             0.03167,            0.014115,            0.003928,            0.003928,            0.003928
                 186,            0.044884,            0.053449,            0.010112,             0.59291,             0.48051,             0.48527,             0.29521,            0.044935,            0.031678,            0.014142,            0.003895,            0.003895,            0.003895
                 187,            0.044917,            0.053029,            0.010077,             0.59242,             0.48128,             0.48516,             0.29534,            0.044936,            0.031687,            0.014165,            0.003862,            0.003862,            0.003862
                 188,            0.044787,            0.053285,           0.0099461,             0.59742,             0.47833,             0.48454,             0.29556,            0.044936,            0.031698,            0.014183,            0.003829,            0.003829,            0.003829
                 189,            0.044736,            0.052798,            0.010035,              0.6014,             0.47363,             0.48465,             0.29613,            0.044931,            0.031708,            0.014208,            0.003796,            0.003796,            0.003796
                 190,            0.044745,             0.05289,            0.010068,             0.59837,             0.47381,             0.48471,             0.29606,            0.044931,            0.031711,            0.014223,            0.003763,            0.003763,            0.003763
                 191,            0.044666,            0.052743,            0.010004,             0.59279,             0.47719,             0.48449,             0.29581,            0.044937,            0.031718,            0.014244,             0.00373,             0.00373,             0.00373
                 192,            0.044678,            0.053185,           0.0098119,             0.58824,             0.47832,             0.48472,             0.29585,            0.044941,            0.031722,            0.014274,            0.003697,            0.003697,            0.003697
                 193,            0.044717,            0.053052,           0.0098211,             0.59933,             0.47402,             0.48479,             0.29585,            0.044942,            0.031728,            0.014298,            0.003664,            0.003664,            0.003664
                 194,            0.044559,            0.052883,           0.0097502,             0.59267,             0.47496,             0.48404,             0.29579,            0.044941,            0.031732,            0.014313,            0.003631,            0.003631,            0.003631
                 195,             0.04445,            0.052741,           0.0098444,             0.58968,             0.47672,             0.48432,             0.29627,             0.04494,            0.031736,            0.014325,            0.003598,            0.003598,            0.003598
                 196,            0.044436,            0.052639,           0.0097351,             0.58947,              0.4747,             0.48434,             0.29619,            0.044936,             0.03174,            0.014336,            0.003565,            0.003565,            0.003565
                 197,            0.044414,            0.052782,           0.0097748,             0.59582,             0.47115,             0.48478,             0.29663,            0.044939,            0.031749,            0.014355,            0.003532,            0.003532,            0.003532
                 198,            0.044364,            0.052478,           0.0096683,              0.6003,             0.46818,               0.484,             0.29662,            0.044944,            0.031757,             0.01438,            0.003499,            0.003499,            0.003499
                 199,            0.044214,            0.052307,           0.0097119,             0.59854,             0.46696,             0.48449,             0.29653,            0.044952,            0.031767,            0.014394,            0.003466,            0.003466,            0.003466
                 200,            0.044261,            0.052412,           0.0096831,             0.59625,              0.4684,             0.48452,             0.29704,            0.044957,            0.031776,             0.01441,            0.003433,            0.003433,            0.003433
                 201,            0.044133,            0.052387,           0.0097042,             0.60084,             0.46623,             0.48483,             0.29718,            0.044959,            0.031781,            0.014431,              0.0034,              0.0034,              0.0034
                 202,            0.044301,            0.052219,           0.0095862,             0.59652,             0.46877,             0.48473,             0.29738,            0.044962,            0.031791,             0.01445,            0.003367,            0.003367,            0.003367
                 203,            0.044184,            0.052247,           0.0095699,             0.59232,             0.47439,             0.48522,             0.29783,            0.044961,             0.03181,            0.014471,            0.003334,            0.003334,            0.003334
                 204,            0.044199,            0.052666,           0.0095729,             0.59542,             0.47577,             0.48541,             0.29742,            0.044969,            0.031822,            0.014495,            0.003301,            0.003301,            0.003301
                 205,            0.044095,            0.052118,           0.0094668,             0.59735,              0.4748,              0.4849,             0.29761,            0.044974,            0.031835,            0.014516,            0.003268,            0.003268,            0.003268
                 206,            0.044106,            0.052121,           0.0095151,              0.5965,             0.47545,             0.48437,             0.29795,            0.044985,            0.031845,            0.014543,            0.003235,            0.003235,            0.003235
                 207,            0.043936,            0.052368,           0.0093501,             0.59395,             0.47539,             0.48482,             0.29796,            0.044986,            0.031861,            0.014562,            0.003202,            0.003202,            0.003202
                 208,            0.043995,            0.052419,           0.0093974,             0.59164,             0.47652,             0.48387,             0.29755,            0.044995,            0.031872,            0.014581,            0.003169,            0.003169,            0.003169
                 209,            0.043992,            0.052405,           0.0093191,             0.58896,             0.47587,             0.48404,             0.29774,            0.045007,            0.031887,            0.014595,            0.003136,            0.003136,            0.003136
                 210,            0.043759,            0.052027,           0.0092908,             0.60067,             0.47035,             0.48379,             0.29776,            0.045015,              0.0319,             0.01461,            0.003103,            0.003103,            0.003103
                 211,            0.043693,            0.052093,            0.009192,             0.59973,             0.46935,             0.48392,             0.29753,            0.045023,            0.031912,            0.014625,             0.00307,             0.00307,             0.00307
                 212,            0.043788,            0.052629,           0.0093192,             0.59584,             0.47163,             0.48337,             0.29759,            0.045028,            0.031925,            0.014637,            0.003037,            0.003037,            0.003037
                 213,            0.043633,            0.051981,           0.0091715,             0.59908,             0.46989,             0.48378,             0.29725,            0.045031,            0.031936,            0.014659,            0.003004,            0.003004,            0.003004
                 214,            0.043586,            0.051893,           0.0091403,             0.59369,             0.47225,             0.48318,             0.29714,            0.045035,            0.031944,             0.01468,            0.002971,            0.002971,            0.002971
                 215,            0.043575,            0.051591,           0.0092606,             0.58952,             0.47478,             0.48296,             0.29684,            0.045041,            0.031949,            0.014696,            0.002938,            0.002938,            0.002938
                 216,            0.043605,            0.051961,           0.0091422,             0.58432,             0.47805,             0.48278,             0.29669,            0.045048,            0.031958,            0.014719,            0.002905,            0.002905,            0.002905
                 217,            0.043473,            0.051977,            0.009105,             0.58469,             0.47855,             0.48257,             0.29664,            0.045055,            0.031966,            0.014745,            0.002872,            0.002872,            0.002872
                 218,            0.043447,            0.051546,            0.009011,             0.58184,             0.47832,             0.48272,             0.29693,            0.045059,            0.031974,            0.014766,            0.002839,            0.002839,            0.002839
                 219,            0.043337,            0.051245,           0.0089785,              0.5796,             0.47897,             0.48305,             0.29673,            0.045066,            0.031984,            0.014801,            0.002806,            0.002806,            0.002806
                 220,            0.043325,            0.051405,           0.0089941,             0.58184,             0.47997,             0.48231,             0.29645,            0.045067,               0.032,            0.014832,            0.002773,            0.002773,            0.002773
                 221,             0.04332,            0.051482,           0.0088962,             0.58136,             0.47767,             0.48229,             0.29726,            0.045068,            0.032014,            0.014867,             0.00274,             0.00274,             0.00274
                 222,             0.04339,             0.05139,            0.008999,             0.58866,             0.47636,             0.48206,             0.29715,            0.045067,            0.032025,            0.014892,            0.002707,            0.002707,            0.002707
                 223,            0.043279,            0.051486,           0.0088951,             0.58614,             0.47601,             0.48222,             0.29673,            0.045072,            0.032038,            0.014916,            0.002674,            0.002674,            0.002674
                 224,             0.04311,            0.051192,           0.0089378,             0.58418,              0.4774,             0.48201,             0.29661,             0.04508,            0.032048,             0.01494,            0.002641,            0.002641,            0.002641
                 225,            0.043026,             0.05119,           0.0088815,             0.58246,             0.47789,             0.48122,             0.29636,             0.04509,            0.032066,            0.014966,            0.002608,            0.002608,            0.002608
                 226,            0.043019,            0.050873,           0.0088801,             0.58349,              0.4779,             0.48176,             0.29629,            0.045098,            0.032076,            0.014998,            0.002575,            0.002575,            0.002575
                 227,            0.042927,            0.050722,           0.0087955,             0.58368,             0.47893,             0.48184,             0.29625,            0.045106,            0.032082,            0.015025,            0.002542,            0.002542,            0.002542
                 228,            0.042953,            0.050774,           0.0086742,              0.5807,             0.48034,             0.48095,             0.29601,            0.045117,            0.032099,            0.015052,            0.002509,            0.002509,            0.002509
                 229,            0.043031,            0.050845,           0.0087701,             0.57691,             0.48148,             0.48052,             0.29625,            0.045126,            0.032109,            0.015076,            0.002476,            0.002476,            0.002476
                 230,             0.04277,            0.050929,            0.008686,             0.58092,              0.4788,             0.48028,             0.29594,            0.045138,            0.032116,            0.015102,            0.002443,            0.002443,            0.002443
                 231,            0.042608,            0.050688,           0.0087161,             0.58115,             0.47878,             0.48083,             0.29584,            0.045147,            0.032125,            0.015131,             0.00241,             0.00241,             0.00241
                 232,            0.042648,            0.050733,           0.0086003,              0.5817,             0.47863,             0.48111,             0.29617,            0.045158,            0.032138,            0.015157,            0.002377,            0.002377,            0.002377
                 233,            0.042624,            0.050744,           0.0085316,             0.58375,             0.47785,             0.48108,             0.29647,            0.045166,            0.032148,            0.015181,            0.002344,            0.002344,            0.002344
                 234,            0.042615,            0.050258,           0.0084616,             0.58683,             0.47426,             0.48123,             0.29615,             0.04518,            0.032161,            0.015206,            0.002311,            0.002311,            0.002311
                 235,            0.042594,            0.050766,           0.0084977,             0.58673,             0.47724,             0.48139,             0.29624,            0.045194,            0.032178,            0.015238,            0.002278,            0.002278,            0.002278
                 236,            0.042447,            0.050939,           0.0084699,             0.59365,             0.47322,             0.48131,             0.29604,            0.045207,            0.032196,            0.015268,            0.002245,            0.002245,            0.002245
                 237,             0.04239,            0.050328,           0.0084123,             0.59166,             0.47171,             0.48081,             0.29592,            0.045214,            0.032213,            0.015285,            0.002212,            0.002212,            0.002212
                 238,            0.042413,            0.050418,           0.0083889,             0.59557,             0.46617,             0.48039,             0.29559,            0.045224,            0.032231,            0.015313,            0.002179,            0.002179,            0.002179
                 239,            0.042341,             0.05053,           0.0083592,             0.59723,              0.4631,              0.4801,             0.29599,            0.045231,            0.032251,             0.01534,            0.002146,            0.002146,            0.002146
                 240,            0.042168,            0.050179,           0.0082424,               0.598,             0.46022,             0.47949,             0.29553,            0.045243,            0.032272,            0.015363,            0.002113,            0.002113,            0.002113
                 241,            0.042196,            0.049947,           0.0082784,             0.60063,             0.45941,             0.47956,             0.29543,            0.045253,             0.03229,            0.015385,             0.00208,             0.00208,             0.00208
                 242,            0.042205,            0.049989,           0.0082496,             0.59744,             0.46253,             0.47954,             0.29564,             0.04526,            0.032311,            0.015407,            0.002047,            0.002047,            0.002047
                 243,            0.042107,            0.049606,           0.0082267,              0.5937,             0.46526,             0.47922,             0.29533,            0.045274,            0.032331,            0.015436,            0.002014,            0.002014,            0.002014
                 244,            0.042048,            0.049764,           0.0081761,             0.59084,             0.46685,             0.47927,             0.29586,            0.045284,            0.032349,             0.01546,            0.001981,            0.001981,            0.001981
                 245,            0.041951,            0.049857,           0.0080502,             0.58543,             0.46981,             0.47876,             0.29572,            0.045296,            0.032373,             0.01549,            0.001948,            0.001948,            0.001948
                 246,            0.041892,            0.049906,           0.0079709,             0.57678,             0.47221,             0.47833,             0.29557,            0.045307,            0.032397,            0.015521,            0.001915,            0.001915,            0.001915
                 247,            0.041938,            0.049994,           0.0081045,             0.57735,             0.47181,             0.47806,              0.2948,            0.045314,            0.032415,            0.015551,            0.001882,            0.001882,            0.001882
                 248,            0.041851,            0.049411,           0.0079969,             0.58687,             0.46762,             0.47759,             0.29444,            0.045325,            0.032428,             0.01558,            0.001849,            0.001849,            0.001849
                 249,            0.041797,            0.049541,           0.0080485,             0.58338,             0.46763,             0.47737,             0.29507,            0.045338,            0.032443,            0.015596,            0.001816,            0.001816,            0.001816
                 250,            0.041721,            0.049436,            0.008004,             0.58841,             0.46649,             0.47787,             0.29512,            0.045348,             0.03246,            0.015616,            0.001783,            0.001783,            0.001783
                 251,            0.041617,            0.049257,           0.0078692,             0.59066,             0.46549,             0.47798,             0.29492,             0.04537,            0.032477,             0.01564,             0.00175,             0.00175,             0.00175
                 252,            0.041516,             0.04905,           0.0079289,             0.58665,             0.46811,             0.47752,             0.29472,            0.045387,              0.0325,            0.015662,            0.001717,            0.001717,            0.001717
                 253,             0.04147,            0.049442,            0.007849,             0.60388,             0.45819,             0.47712,             0.29394,            0.045401,             0.03252,            0.015681,            0.001684,            0.001684,            0.001684
                 254,            0.041506,            0.049757,            0.007879,             0.60657,             0.45697,              0.4776,             0.29436,            0.045416,            0.032543,            0.015702,            0.001651,            0.001651,            0.001651
                 255,            0.041356,            0.049423,           0.0076986,             0.59484,             0.46324,             0.47761,             0.29383,            0.045434,            0.032563,            0.015729,            0.001618,            0.001618,            0.001618
                 256,            0.041279,            0.048866,           0.0076559,              0.5937,             0.46331,              0.4772,             0.29359,            0.045452,            0.032583,            0.015761,            0.001585,            0.001585,            0.001585
                 257,            0.041189,            0.048979,           0.0076701,             0.60064,             0.46184,             0.47694,             0.29332,            0.045473,            0.032597,            0.015791,            0.001552,            0.001552,            0.001552
                 258,            0.041049,            0.049327,           0.0076444,             0.59983,             0.46157,             0.47665,             0.29333,             0.04549,            0.032615,            0.015819,            0.001519,            0.001519,            0.001519
                 259,            0.041011,             0.04867,            0.007641,             0.60705,             0.45804,             0.47614,             0.29384,            0.045509,            0.032633,            0.015853,            0.001486,            0.001486,            0.001486
                 260,            0.040949,            0.048659,            0.007654,              0.5987,             0.46199,             0.47609,             0.29358,            0.045528,            0.032653,            0.015888,            0.001453,            0.001453,            0.001453
                 261,            0.040924,            0.048574,            0.007616,             0.59398,             0.46441,             0.47571,             0.29336,            0.045544,            0.032673,            0.015917,             0.00142,             0.00142,             0.00142
                 262,            0.040849,            0.048521,           0.0074312,              0.5985,             0.46038,             0.47604,             0.29256,            0.045565,            0.032695,            0.015945,            0.001387,            0.001387,            0.001387
                 263,            0.040845,            0.048277,           0.0074918,             0.60227,             0.45778,             0.47583,             0.29275,            0.045585,            0.032714,            0.015975,            0.001354,            0.001354,            0.001354
                 264,            0.040745,            0.048137,           0.0074106,             0.59649,              0.4599,             0.47541,             0.29238,              0.0456,            0.032728,            0.016004,            0.001321,            0.001321,            0.001321
                 265,            0.040859,            0.048276,           0.0074244,             0.59067,             0.46249,             0.47524,             0.29209,            0.045615,            0.032749,            0.016043,            0.001288,            0.001288,            0.001288
                 266,            0.040743,            0.048304,           0.0074208,             0.59228,             0.46157,             0.47488,             0.29196,            0.045632,            0.032767,            0.016075,            0.001255,            0.001255,            0.001255
                 267,            0.040512,            0.047811,            0.007371,             0.59171,             0.46106,             0.47507,             0.29231,            0.045649,            0.032789,            0.016102,            0.001222,            0.001222,            0.001222
                 268,            0.040529,            0.048159,           0.0073006,             0.59942,             0.45618,             0.47446,             0.29184,            0.045665,            0.032812,            0.016132,            0.001189,            0.001189,            0.001189
                 269,            0.040446,            0.047665,           0.0073152,             0.59894,             0.45707,             0.47475,             0.29173,            0.045685,            0.032835,            0.016155,            0.001156,            0.001156,            0.001156
                 270,            0.040468,            0.047579,            0.007229,             0.60073,             0.45631,             0.47468,             0.29148,            0.045707,            0.032863,            0.016181,            0.001123,            0.001123,            0.001123
                 271,             0.04034,            0.047692,           0.0071746,             0.60075,             0.45848,             0.47405,             0.29116,            0.045729,            0.032891,            0.016205,             0.00109,             0.00109,             0.00109
                 272,            0.040421,             0.04765,           0.0071047,             0.59918,               0.458,              0.4736,             0.29115,            0.045752,            0.032922,            0.016233,            0.001057,            0.001057,            0.001057
                 273,            0.040323,            0.047753,           0.0070988,             0.60088,             0.45799,             0.47356,             0.29037,            0.045771,            0.032949,             0.01625,            0.001024,            0.001024,            0.001024
                 274,             0.04017,            0.047224,           0.0070531,             0.59928,             0.45938,              0.4738,             0.29068,             0.04579,            0.032975,            0.016273,            0.000991,            0.000991,            0.000991
                 275,            0.040117,            0.047245,           0.0071073,             0.59542,               0.459,             0.47307,             0.29077,             0.04581,            0.033001,            0.016297,            0.000958,            0.000958,            0.000958
                 276,            0.039974,            0.047311,           0.0069813,             0.59337,             0.46114,             0.47373,             0.29111,            0.045834,            0.033023,            0.016322,            0.000925,            0.000925,            0.000925
                 277,            0.039874,            0.047009,           0.0070001,             0.59161,             0.46276,             0.47327,              0.2908,             0.04586,            0.033041,             0.01635,            0.000892,            0.000892,            0.000892
                 278,            0.039929,            0.047312,           0.0069204,             0.59481,             0.46233,             0.47367,             0.29064,            0.045878,             0.03307,             0.01638,            0.000859,            0.000859,            0.000859
                 279,            0.039877,            0.047508,           0.0068757,             0.59409,             0.46206,             0.47371,              0.2907,            0.045896,            0.033089,              0.0164,            0.000826,            0.000826,            0.000826
                 280,            0.039807,             0.04726,           0.0068928,             0.59565,             0.46104,             0.47403,             0.29081,            0.045914,            0.033114,            0.016428,            0.000793,            0.000793,            0.000793
                 281,            0.039736,            0.046796,           0.0069286,             0.59174,             0.46065,              0.4737,             0.29064,            0.045934,            0.033142,            0.016458,             0.00076,             0.00076,             0.00076
                 282,            0.039655,            0.046516,           0.0067553,             0.58982,             0.45982,             0.47348,             0.29091,            0.045958,            0.033164,            0.016482,            0.000727,            0.000727,            0.000727
                 283,            0.039575,            0.046958,           0.0067147,              0.5959,             0.45908,             0.47284,             0.29063,            0.045981,            0.033186,            0.016507,            0.000694,            0.000694,            0.000694
                 284,            0.039423,            0.046617,            0.006686,              0.5967,             0.45997,             0.47259,              0.2908,            0.046003,            0.033208,            0.016523,            0.000661,            0.000661,            0.000661
                 285,             0.03939,            0.046489,           0.0067637,              0.5971,             0.45779,             0.47247,             0.29081,            0.046027,            0.033233,            0.016544,            0.000628,            0.000628,            0.000628
                 286,            0.039392,            0.046539,           0.0066284,             0.59535,             0.45961,             0.47252,             0.29095,             0.04605,             0.03326,            0.016574,            0.000595,            0.000595,            0.000595
                 287,            0.039172,            0.046341,           0.0066329,             0.60208,             0.45464,             0.47222,             0.29128,            0.046069,             0.03328,            0.016605,            0.000562,            0.000562,            0.000562
                 288,            0.039234,            0.046492,           0.0065499,             0.60268,             0.45714,              0.4728,             0.29108,            0.046096,            0.033306,            0.016641,            0.000529,            0.000529,            0.000529
                 289,            0.039227,            0.046269,             0.00655,             0.60057,             0.45732,             0.47256,             0.29099,             0.04612,            0.033332,            0.016674,            0.000496,            0.000496,            0.000496
                 290,            0.039168,            0.046317,           0.0064589,              0.5926,              0.4579,              0.4718,             0.29075,            0.046146,            0.033356,            0.016711,            0.000463,            0.000463,            0.000463
                 291,            0.039086,            0.045742,           0.0064961,             0.59501,             0.45661,              0.4714,             0.29072,            0.046167,            0.033389,            0.016746,             0.00043,             0.00043,             0.00043
                 292,            0.038968,            0.045894,           0.0064945,             0.58827,             0.46009,             0.47147,             0.29054,            0.046191,             0.03342,             0.01678,            0.000397,            0.000397,            0.000397
                 293,            0.038917,            0.046034,           0.0064233,             0.58602,             0.46016,              0.4709,             0.29036,            0.046217,            0.033449,            0.016817,            0.000364,            0.000364,            0.000364
                 294,            0.038808,            0.045384,            0.006355,             0.58094,             0.46079,             0.47085,             0.29069,            0.046242,            0.033481,            0.016846,            0.000331,            0.000331,            0.000331
                 295,            0.038671,            0.045763,           0.0063316,             0.58085,             0.46142,             0.47043,             0.29012,            0.046265,            0.033506,            0.016872,            0.000298,            0.000298,            0.000298
                 296,            0.038678,            0.045807,           0.0063825,             0.57925,             0.46079,             0.47016,             0.29011,            0.046291,            0.033532,            0.016906,            0.000265,            0.000265,            0.000265
                 297,            0.038602,            0.045628,           0.0062472,             0.57677,             0.46319,             0.46997,             0.28975,            0.046319,            0.033561,            0.016948,            0.000232,            0.000232,            0.000232
                 298,            0.038551,            0.045132,           0.0062317,             0.57222,             0.46297,             0.46955,             0.28967,            0.046346,            0.033591,            0.016985,            0.000199,            0.000199,            0.000199
                 299,            0.038566,            0.044973,           0.0062606,             0.57631,             0.46182,             0.46924,             0.28971,            0.046371,             0.03362,            0.017018,            0.000166,            0.000166,            0.000166
